timestamp,cpu_percent,ram_percent,bytes_sent,bytes_received
2026-09-27T03:18:43.192917+00:00,9.3,90.5,3471160445,23745822988
2026-09-27T03:18:44.201966+00:00,8.1,90.5,3471293585,23745836169
2026-09-27T03:18:45.217621+00:00,9.2,90.3,3471398753,23745855100
2026-09-27T03:18:46.227345+00:00,16.0,90.3,3471766150,23745896144
2026-09-27T03:18:47.238293+00:00,8.1,90.2,3471872016,23745926402
2026-09-27T03:18:48.246367+00:00,7.8,90.1,3471973307,23745944328
2026-09-27T03:18:49.256814+00:00,7.0,90.1,3472042920,23745953435
2026-09-27T03:18:50.269751+00:00,6.7,90.1,3472142774,23745969297
2026-09-27T03:18:51.277533+00:00,8.1,90.1,3472246400,23745981708
2026-09-27T03:18:52.286073+00:00,16.2,90.1,3472610949,23745997866
2026-09-27T03:18:53.297943+00:00,11.5,90.2,3472724535,23746012787
2026-09-27T03:18:54.306924+00:00,15.6,90.4,3472827781,23746026347
2026-09-27T03:18:55.318013+00:00,11.2,90.4,3472865539,23746062958
2026-09-27T03:18:56.324453+00:00,19.7,90.5,3472883190,23746084586
2026-09-27T03:18:57.335564+00:00,11.8,90.7,3472898013,23746093291
2026-09-27T03:18:58.344377+00:00,16.0,90.6,3473176678,23746106375
2026-09-27T03:18:59.355447+00:00,11.9,90.5,3473182118,23746109513
2026-09-27T03:19:00.365458+00:00,9.4,90.5,3473186325,23746124430
